,ds,yhat
0,2020-08-24,620.7975633055631
1,2020-08-25,624.0671557280679
2,2020-08-26,628.2957691151845
3,2020-08-27,630.0925171531583
4,2020-08-28,634.2869352318615
5,2020-08-31,641.9907237357143
6,2020-09-01,644.5442286636584
7,2020-09-02,648.0988247814992
8,2020-09-03,649.2547813247874
9,2020-09-04,652.8312468664345
10,2020-09-07,658.6997962241684
11,2020-09-08,660.6066495502229
12,2020-09-09,663.4774599976199
13,2020-09-10,663.9022283371254
14,2020-09-11,666.6915015534489
15,2020-09-14,669.8095217114211
16,2020-09-15,670.6653657623599
17,2020-09-16,672.4230754068079
18,2020-09-17,671.6801609891874
19,2020-09-18,673.2576230933837
20,2020-09-21,672.6198231714267
21,2020-09-22,672.2427387648156
22,2020-09-23,672.8105991617847
23,2020-09-24,670.9423779355147
24,2020-09-25,671.4806092760191
25,2020-09-28,668.445090697818
26,2020-09-29,667.568429603445
27,2020-09-30,667.8103231200205
28,2020-10-01,665.7993398460196
29,2020-10-05,664.6214140545401
30,2020-10-06,664.5260253421111
31,2020-10-07,665.7069756554662
32,2020-10-08,664.774752717205
33,2020-10-09,666.5564516328428
34,2020-10-12,668.8432485101431
35,2020-10-13,670.1578488224495
36,2020-10-14,672.730873252388
37,2020-10-15,673.144468720536
38,2020-10-16,676.1987475304518
39,2020-10-19,681.6290793880449
40,2020-10-20,683.7045579665446
41,2020-10-21,686.8736588593224
42,2020-10-22,687.7123992818433
43,2020-10-23,691.0195036135075
44,2020-10-26,696.2316132050993
45,2020-10-27,697.9503087420065
46,2020-10-28,700.6513738086202
47,2020-10-29,700.934232225444
48,2020-10-30,703.6234196754267
49,2020-11-02,706.8878163455284
50,2020-11-03,708.0197259589828
51,2020-11-04,710.2097351014552
52,2020-11-05,710.0808597875066
53,2020-11-06,712.4781265136542
54,2020-11-09,715.7315294774346
55,2020-11-10,717.1738686826056
56,2020-11-11,719.8319234062315
57,2020-11-12,720.321465416917
58,2020-11-13,723.4753778212684
59,2020-11-14,718.5818947775263
60,2020-11-17,732.1866464654839
61,2020-11-18,735.9677864335259
62,2020-11-19,737.569055314666
63,2020-11-20,741.7922521096834
64,2020-11-23,750.6135845206879
65,2020-11-24,753.7729281051654
66,2020-11-25,757.9954990799985
67,2020-11-26,759.8513402762029
68,2020-11-27,764.1323380609642
69,2020-12-01,774.3736191506727
70,2020-12-02,777.7176972350823
71,2020-12-03,778.5560531171097
72,2020-12-04,781.7080494994435
73,2020-12-07,785.7751449190332
74,2020-12-08,786.9782777076564
75,2020-12-09,789.1456376532445
76,2020-12-10,788.9058518296712
77,2020-12-11,791.1115445594489
78,2020-12-14,793.409249818956
79,2020-12-15,794.4478626643493
80,2020-12-16,796.6832473061464
81,2020-12-17,796.7462324369274
82,2020-12-18,799.4847617887436
83,2020-12-21,804.6119820420995
84,2020-12-22,806.9220854972957
85,2020-12-23,810.5378362111431
86,2020-12-24,812.0498932324522
87,2020-12-28,825.5016496537044
88,2020-12-29,828.9240587800841
89,2020-12-30,833.4496801985867
90,2020-12-31,835.6301195769521
91,2021-01-01,840.2355904829905
92,2021-01-04,848.7486955563247
93,2021-01-05,851.247160009884
94,2021-01-06,854.5010986475047
95,2021-01-07,855.0748031614249
96,2021-01-08,857.7565593901129
97,2021-01-11,858.8914913174273
98,2021-01-12,858.5266864059734
99,2021-01-13,858.7977578425235
100,2021-01-14,856.3199295226136
101,2021-01-15,855.9374344902386
102,2021-01-18,848.3686122946572
103,2021-01-19,845.446536389757
104,2021-01-20,843.4145501702044
105,2021-01-21,838.9297460433838
106,2021-01-22,836.8717988702167
107,2021-01-25,826.5076183943105
108,2021-01-27,821.646245799457
109,2021-01-28,817.7789733230659
110,2021-01-29,816.6930384861337
111,2021-02-01,811.0480851014602
112,2021-02-02,810.014444778614
113,2021-02-03,810.4134736697464
114,2021-02-04,808.8370083771049
115,2021-02-05,810.0906496656919
116,2021-02-08,811.2492616830002
117,2021-02-09,812.2564482564187
118,2021-02-10,814.5160781253139
119,2021-02-11,814.5885522736575
120,2021-02-12,817.2548186533309
121,2021-02-15,821.0978983290449
122,2021-02-16,822.4751119486303
123,2021-02-17,824.8575839047162
124,2021-02-18,824.8252732115081
125,2021-02-19,827.1847583656992
126,2021-02-22,829.2241388692478
127,2021-02-23,829.8319393046093
128,2021-02-24,831.4283411058387
129,2021-02-25,830.6337879087498
130,2021-02-26,832.2936620173335
131,2021-03-01,832.9492634872627
132,2021-03-02,833.424087318688
133,2021-03-03,835.0822258716746
134,2021-03-04,834.5525978340834
135,2021-03-05,836.6820039451388
136,2021-03-08,839.8818959702344
137,2021-03-09,841.5191019476592
138,2021-03-10,844.4495569580076
139,2021-03-12,848.7766649327017
140,2021-03-15,855.8976646422592
141,2021-03-16,858.6222740735616
142,2021-03-17,862.4602096387837
143,2021-03-18,863.9665848073798
144,2021-03-19,867.9149137371921
145,2021-03-22,874.5858824687045
146,2021-03-23,876.5202007153605
147,2021-03-24,879.2395568400541
148,2021-03-25,879.3054878496023
149,2021-03-26,881.5054649577573
150,2021-03-30,880.5616236440527
151,2021-03-31,880.4382335131689
152,2021-04-01,877.5690767523852
153,2021-04-05,867.9502512680752
154,2021-04-06,864.5502737460712
155,2021-04-07,862.0020529162182
156,2021-04-08,856.9564703004
157,2021-04-09,854.2877902473696
158,2021-04-12,841.7543469555175
159,2021-04-13,837.8427950457403
160,2021-04-15,830.3343759086438
161,2021-04-16,828.2479735113259
162,2021-04-19,819.3962747849982
163,2021-04-20,817.2625657149003
164,2021-04-22,813.9218789066458
165,2021-04-23,814.1443579621674
166,2021-04-26,812.6145466409004
167,2021-04-27,812.916446831527
168,2021-04-28,814.592153420703
169,2021-04-29,814.2155148301838
170,2021-04-30,816.5789169889467
171,2021-05-03,820.4671097240155
172,2021-05-04,822.1877062539618
173,2021-05-05,825.0746372190324
174,2021-05-06,825.7007139860486
175,2021-05-07,828.8617956908047
176,2021-05-10,834.0069194465684
177,2021-05-11,835.8155014498827
178,2021-05-12,838.6549788650487
179,2021-05-14,842.0236515788357
180,2021-05-17,846.0506810085647
181,2021-05-18,847.436877615367
182,2021-05-19,849.8591232202764
183,2021-05-20,849.9258973195557
184,2021-05-21,852.4672797943289
185,2021-05-24,855.696874508139
186,2021-05-25,856.9343156670391
187,2021-05-26,859.2702744120515
188,2021-05-27,859.3125441684617
189,2021-05-28,861.8888194940685
190,2021-05-31,865.5363108141119
191,2021-06-01,866.9988248677664
192,2021-06-02,869.5924007613185
193,2021-06-03,869.9186270491991
194,2021-06-04,872.7993557879228
195,2021-06-07,877.4342866400483
196,2021-06-08,879.2384510656261
197,2021-06-09,882.1761334612709
198,2021-06-10,882.8480360191039
199,2021-06-11,886.0759764825059
200,2021-06-14,891.7717691437956
201,2021-06-15,893.9416987852001
202,2021-06-16,897.2546823412699
203,2021-06-17,898.3134804592016
204,2021-06-18,901.9417145467503
205,2021-06-21,908.9299711031232
206,2021-06-22,911.5619479592209
207,2021-06-23,915.3512020906298
208,2021-06-24,916.8985863365538
209,2021-06-25,921.0251479523242
210,2021-06-28,929.5330773852987
211,2021-06-29,932.6668511560797
212,2021-06-30,936.9487282651316
213,2021-07-01,938.9756869750079
214,2021-07-02,943.5652951608686
215,2021-07-05,953.3379434577265
216,2021-07-06,956.8475917449707
217,2021-07-07,961.4828491548259
218,2021-07-08,963.8425091534405
219,2021-07-09,969.2822589994773
220,2021-07-12,981.5421111611722
221,2021-07-13,985.8782650710348
222,2021-07-14,991.3493871068508
223,2021-07-15,994.5610264002476
224,2021-07-16,1000.3402929657065
225,2021-07-19,1013.8147201061879
226,2021-07-20,1018.6366702615869
227,2021-07-22,1028.427701330083
228,2021-07-23,1034.8291903729835
229,2021-07-26,1050.4042904516946
230,2021-07-27,1055.9834000967357
231,2021-07-28,1062.7565300023
232,2021-07-29,1067.3188946570795
233,2021-07-30,1074.4844258409407
234,2021-08-02,1092.1610489821883
235,2021-08-03,1098.3312442059564
236,2021-08-04,1105.6183621464506
237,2021-08-05,1110.6052937238667
238,2021-08-06,1118.094885030298
239,2021-08-09,1136.0549130750294
240,2021-08-10,1142.071566829598
241,2021-08-11,1149.0776518492128
242,2021-08-12,1153.6576113398455
243,2021-08-13,1160.6182867007972
244,2021-08-16,1176.3342511115077
245,2021-08-17,1181.4186489118172
246,2021-08-18,1187.4218690934408
247,2021-08-20,1196.804036616764
248,2021-08-23,1209.1285539018174
249,2021-08-24,1213.0992288928803
250,2021-08-25,1218.0179740857818
251,2021-08-26,1220.493854942393
252,2021-08-27,1225.3568317820307
253,2021-08-30,1235.0136646987196
254,2021-08-31,1238.206118897835
255,2021-09-01,1242.3970909612974
256,2021-09-02,1244.1891980002026
257,2021-09-03,1248.4039967661924
258,2021-09-06,1256.2236820515807
259,2021-09-07,1258.799650842302
260,2021-09-08,1262.351497240055
261,2021-09-09,1263.470120332519
262,2021-09-13,1272.2805777136382
263,2021-09-14,1273.889107142572
264,2021-09-15,1276.4062866317154
265,2021-09-16,1276.4267452564236
266,2021-09-17,1278.7681807175834
267,2021-09-20,1280.388311053943
268,2021-09-21,1280.7391841821432
269,2021-09-22,1282.0159540085278
270,2021-09-23,1280.8337973847417
271,2021-09-24,1282.0317640324943
272,2021-09-27,1280.7895379486351
273,2021-09-28,1280.4423002991746
274,2021-09-29,1281.1779862776164
275,2021-09-30,1279.6254248789671
276,2021-10-01,1280.634123975953
277,2021-10-04,1279.960002403422
278,2021-10-05,1280.1770056046225
279,2021-10-06,1281.6521161515018
280,2021-10-07,1281.000722904449
281,2021-10-08,1283.055138696054
282,2021-10-11,1286.165539243509
283,2021-10-12,1287.7742066451601
284,2021-10-13,1290.6592681852212
285,2021-10-14,1291.4071215582726
286,2021-10-18,1301.5125014352368
287,2021-10-19,1304.0724973205704
288,2021-10-20,1307.7581388805247
289,2021-10-21,1309.1440262168196
290,2021-10-22,1313.0266144906125
291,2021-10-25,1320.101201459435
292,2021-10-26,1322.471657285207
293,2021-10-27,1325.83163957057
294,2021-10-28,1326.775219179665
295,2021-10-29,1330.12154892847
296,2021-11-01,1335.2849123187482
297,2021-11-02,1337.01065945825
298,2021-11-03,1339.768906020483
299,2021-11-04,1340.1801794240516
300,2021-11-08,1347.6923495309977
301,2021-11-09,1349.5290331525696
302,2021-11-10,1352.557765077619
303,2021-11-11,1353.398163138198
304,2021-11-12,1356.887650574184
305,2021-11-15,1364.0209262676474
306,2021-11-16,1366.8959437261642
307,2021-11-17,1371.0188902339564
308,2021-11-18,1372.980379125208
309,2021-11-22,1387.7431675202758
310,2021-11-23,1391.4182516027302
311,2021-11-24,1396.1945439554095
312,2021-11-25,1397.9960928103947
313,2021-11-26,1402.2595562492843
314,2021-11-29,1410.1984290556
315,2021-11-30,1412.7386011189603
316,2021-12-01,1416.1960998071222
317,2021-12-02,1417.1576959926442
318,2021-12-03,1420.4360067149523
319,2021-12-06,1424.8311596140195
320,2021-12-07,1426.1043365843693
321,2021-12-08,1428.3119840438187
322,2021-12-09,1428.0777004047661
323,2021-12-10,1430.2500019540541
324,2021-12-13,1432.1895896006552
325,2021-12-14,1433.0207786752026
326,2021-12-15,1435.0069023414599
327,2021-12-16,1434.78203539428
328,2021-12-17,1437.1985892995376
329,2021-12-20,1441.2159410298907
330,2021-12-21,1443.1327268534033
331,2021-12-22,1446.3573341088952
332,2021-12-23,1447.4892267480739
333,2021-12-24,1451.3416432851016
334,2021-12-27,1459.7018006467745
335,2021-12-28,1462.92340769403
336,2021-12-29,1467.3043620018302
337,2021-12-30,1469.4005613928166
338,2021-12-31,1473.9851463154275
339,2022-01-03,1482.8226754392665
340,2022-01-04,1485.5529313599513
341,2022-01-05,1489.096766368108
342,2022-01-06,1490.0096824298553
343,2022-01-07,1490.2683987759965
344,2022-01-10,1484.298235328286
345,2022-01-11,1481.5867076641746
346,2022-01-12,1479.504351845309
347,2022-01-13,1474.6557927147346
348,2022-01-14,1471.8749633101281
349,2022-01-17,1456.852092532806
350,2022-01-18,1451.3325786458565
351,2022-01-19,1446.6366011804616
352,2022-01-20,1439.4172755037264
353,2022-01-21,1434.551860592606
354,2022-01-24,1415.3276222980528
355,2022-01-25,1409.165628372833
356,2022-01-27,1397.1478465543867
357,2022-01-28,1392.8076421838082
358,2022-01-31,1377.2065575318659
359,2022-02-01,1372.8216883294708
360,2022-02-02,1369.8695060389848
361,2022-02-03,1364.951284246326
362,2022-02-04,1362.8815087566095
363,2022-02-07,1354.2560800787444
364,2022-02-08,1352.0839238662566
365,2022-02-09,1351.2119821601614
366,2022-02-10,1348.2026159288148
367,2022-02-11,1347.837281615921
368,2022-02-15,1341.3949259227134
369,2022-02-16,1340.9570836232815
370,2022-02-17,1338.1307758439623
371,2022-02-18,1337.715384389384
372,2022-02-21,1331.468314453694
373,2022-02-22,1329.3012612734753
374,2022-02-23,1328.1045783884274
375,2022-02-24,1324.492529935583
376,2022-02-25,1323.3052154345148
377,2022-02-28,1315.2047801046774
378,2022-03-02,1311.3073508035845
379,2022-03-03,1307.7072951858338
380,2022-03-04,1306.7336972104408
381,2022-03-07,1300.4811263097415
382,2022-03-08,1298.9416933335492
383,2022-03-09,1298.6953112539736
384,2022-03-10,1296.3432811769148
385,2022-03-11,1296.701149124333
386,2022-03-14,1294.5426834658153
387,2022-03-15,1294.257418360556
388,2022-03-16,1295.1370904678718
389,2022-03-17,1293.7412239783969
390,2022-03-21,1293.3547744037355
391,2022-03-22,1292.6870377310115
392,2022-03-23,1292.8586022043144
393,2022-03-24,1290.4259234100327
394,2022-03-25,1290.1702074522316
395,2022-03-28,1282.8076916006644
396,2022-03-29,1279.6745535265197
397,2022-03-30,1277.185752288577
398,2022-03-31,1271.9410171337124
399,2022-04-01,1268.768654003639
400,2022-04-04,1252.534226928264
401,2022-04-05,1246.575153617687
402,2022-04-06,1241.4098159709397
403,2022-04-07,1233.6844474212542
404,2022-04-08,1228.2699325851395
405,2022-04-11,1207.0888214893082
406,2022-04-12,1198.4718338902842
407,2022-04-13,1191.0142581132945
408,2022-04-18,1150.6474783944093
409,2022-04-19,1143.4855040708712
410,2022-04-20,1137.7455913747501
411,2022-04-21,1130.0430329310939
412,2022-04-22,1125.2076046928028
413,2022-04-25,1108.5627436876277
414,2022-04-26,1103.8666995360402
415,2022-04-27,1100.5732454524002
416,2022-04-28,1095.2601033510223
417,2022-04-29,1092.7226140601601
418,2022-05-04,1077.2870159275637
419,2022-05-05,1073.237246331892
420,2022-05-06,1071.7544446477632
421,2022-05-09,1063.1257228069112
422,2022-05-10,1060.3828756542869
423,2022-05-11,1058.6841652391145
424,2022-05-12,1054.6189247972618
425,2022-05-13,1053.000483536008
426,2022-05-16,1043.4562451553056
427,2022-05-17,1040.3089436388784
428,2022-05-18,1038.1891721858224
429,2022-05-19,1033.7039057681063
430,2022-05-20,1031.682177662096
431,2022-05-23,1021.1519738437775
432,2022-05-24,1017.779862884485
433,2022-05-25,1015.4958355470167
434,2022-05-26,1010.9086571844183
435,2022-05-27,1008.8471410032879
436,2022-05-30,998.5433275162138
437,2022-05-31,995.3467361532098
438,2022-06-01,993.2786568164194
439,2022-06-02,988.9415501785134
440,2022-06-03,987.1579714941228
441,2022-06-06,977.7984150950447
442,2022-06-07,974.9377524463725
443,2022-06-08,973.2104640208921
444,2022-06-09,969.2169680420669
445,2022-06-10,967.7787081482385
446,2022-06-13,959.4667201377691
447,2022-06-14,956.9629101142898
448,2022-06-15,955.5993384310689
449,2022-06-16,951.9785603171658
450,2022-06-17,950.9241155771258
451,2022-06-20,943.8469918893962
452,2022-06-21,941.7858568808871
453,2022-06-22,940.8805616710647
454,2022-06-23,937.732649779967
455,2022-06-24,937.1639287432375
456,2022-06-27,931.5940548800004
457,2022-06-28,930.0404354743904
458,2022-06-29,929.6385966602561
459,2022-06-30,926.9859758460985
460,2022-07-01,926.9004361644829
461,2022-07-04,922.6743100972155
462,2022-07-05,921.5255872873116
463,2022-07-06,921.5054028019945
464,2022-07-07,919.2116581475562
465,2022-07-08,919.463760063905
466,2022-07-11,916.1544770363631
467,2022-07-12,915.2945715288608
468,2022-07-13,916.8629262343496
469,2022-07-14,916.1654053588383
470,2022-07-15,918.0281560781452
471,2022-07-18,919.7026367387215
472,2022-07-19,920.5737716659418
473,2022-07-20,922.6168881774034
474,2022-07-21,922.4390243575333
475,2022-07-22,924.8674417295473
476,2022-07-25,928.5008088927951
477,2022-07-26,930.0985536378543
478,2022-07-27,932.8938300264545
479,2022-07-28,933.4844089402666
480,2022-07-29,936.6868325588823
481,2022-08-01,942.5516624987055
482,2022-08-02,944.8182196741968
483,2022-08-03,948.2218186293428
484,2022-08-04,949.346856083964
485,2022-08-05,952.9972953398752
486,2022-08-08,959.580967778612
487,2022-08-10,965.1336770552014
488,2022-08-11,966.0095051963851
489,2022-08-12,969.2841771306084
490,2022-08-16,975.4727295806578
491,2022-08-17,977.8421866819612
492,2022-08-18,977.7314634407429
493,2022-08-19,979.9598715544531
494,2022-08-22,981.3575226629881
495,2022-08-23,981.6698754388508
496,2022-08-24,982.9200798808971
497,2022-08-25,981.7165562420494
498,2022-08-26,982.889096844599
499,2022-08-29,985.6397462477526
500,2022-08-30,986.5137929588102
501,2022-09-01,987.8463394456666
502,2022-09-02,989.733480105686
503,2022-09-05,990.5891401276576
504,2022-09-06,990.8576260693784
505,2022-09-07,992.112162306679
506,2022-09-08,990.9450983976561
507,2022-09-09,992.1683910617392
508,2022-09-12,990.7417309783093
509,2022-09-13,990.1275187801791
510,2022-09-14,990.4316531239296
511,2022-09-15,988.2464975951408
512,2022-09-16,988.3869847358707
513,2022-09-19,983.3984948904092
514,2022-09-20,981.5318666800515
515,2022-09-21,980.5770971196894
516,2022-09-22,977.1453376110143
517,2022-09-23,976.0717808625701
518,2022-09-26,967.8498074425278
519,2022-09-27,965.1120828409274
520,2022-09-28,963.4224094191355
521,2022-09-29,959.408914466394
522,2022-09-30,957.9211706064807
523,2022-10-03,949.557086897112
524,2022-10-04,947.1518479294598
525,2022-10-06,942.6642259222438
526,2022-10-07,942.0386850934892
527,2022-10-10,937.0741377396855
528,2022-10-11,935.9974961043162
529,2022-10-12,936.2092176936202
530,2022-10-13,934.9070181535079
531,2022-10-14,936.2925700618372
532,2022-10-17,937.058753747242
533,2022-10-18,937.7054259249195
534,2022-10-19,939.5102839883748
535,2022-10-20,939.0476272639557
536,2022-10-21,941.1127138156527
537,2022-10-24,942.8964823196781
538,2022-10-25,943.5453442731376
539,2022-10-27,944.4413295886382
540,2022-10-28,946.0912582877804
541,2022-10-31,946.1310222727561
542,2022-11-01,946.1207313624275
543,2022-11-02,947.1215541767474
544,2022-11-03,945.7505534509012
545,2022-11-04,946.8484454241894
546,2022-11-07,945.8444001558607
547,2022-11-09,946.8243430838608
548,2022-11-10,945.6838267580233
549,2022-11-11,947.1715475804247
550,2022-11-14,948.2210516592631
551,2022-11-15,949.0599632350145
552,2022-11-16,951.1523738042582
553,2022-11-17,951.0947443841603
554,2022-11-18,953.6996519536717
555,2022-11-21,958.0013679501434
556,2022-11-22,959.7890798507358
557,2022-11-23,962.7145565774273
558,2022-11-24,963.3490468232559
559,2022-11-25,966.4834855436586
560,2022-11-28,971.2492613781815
561,2022-11-29,972.7975282920058
562,2022-11-30,975.2864269657165
563,2022-12-01,975.297104157854
564,2022-12-02,977.6359479276764
565,2022-12-05,979.2136989565779
566,2022-12-06,979.5250297573926
567,2022-12-07,980.7484093356238
568,2022-12-08,979.5014838505055
569,2022-12-09,980.6275349741336
570,2022-12-12,979.1884461773564
571,2022-12-13,978.8062452755573
572,2022-12-14,979.534889748908
573,2022-12-15,978.0100935428015
574,2022-12-16,979.0871980962677
575,2022-12-19,978.8964311199537
576,2022-12-20,979.368301819857
577,2022-12-21,981.1395276877694
578,2022-12-22,980.8180408856822
579,2022-12-23,983.2258455672377
580,2022-12-26,987.3920971585185
581,2022-12-27,989.289758655751
582,2022-12-28,992.3958229845789
583,2022-12-29,993.2719959157807
584,2022-12-30,996.6960318054049
585,2023-01-02,1002.4342788941257
586,2023-01-03,1004.2599287462896
587,2023-01-04,1006.9600662305368
588,2023-01-05,1007.0859197494375
589,2023-01-06,1009.4127996036051
590,2023-01-09,1009.8774285161228
591,2023-01-10,1009.3575339450972
592,2023-01-11,1010.7076720575659
593,2023-01-12,1009.2875691656304
594,2023-01-13,1009.9205240189019
595,2023-01-16,1004.9496554938981
596,2023-01-17,1002.6872794478695
597,2023-01-18,1001.1889134997537
598,2023-01-19,997.1018746312635
599,2023-01-20,995.2990669574519
600,2023-01-23,984.8244802034525
601,2023-01-24,981.4343315783037
602,2023-01-25,979.1952028128104
603,2023-01-27,973.0067825446995
604,2023-01-30,964.9005704133374
605,2023-01-31,962.957389356894
606,2023-02-01,962.4346984289757
607,2023-02-02,959.9435673701246
608,2023-02-03,960.3080208892569
609,2023-02-06,959.1147655529029
610,2023-02-07,959.4876870577093
611,2023-02-08,961.2041420487986
612,2023-02-09,960.8302287720091
613,2023-02-10,963.1497244643856
614,2023-02-13,966.5356640844029
615,2023-02-14,967.9365547526298
616,2023-02-15,970.4155477663601
617,2023-02-16,970.5404971344803
618,2023-02-17,973.1043911486757
619,2023-02-20,975.8906833567497
620,2023-02-21,976.7410138133713
621,2023-02-22,978.5521889773948
622,2023-02-23,977.9314315657905
623,2023-02-24,979.7124650455161
624,2023-02-27,980.3294050186524
625,2023-02-28,980.6403374920129
626,2023-03-01,982.0570612008178
627,2023-03-02,981.2112830845789
628,2023-03-03,982.9552047951199
629,2023-03-06,984.6724857750494
630,2023-03-08,988.1044256053265
631,2023-03-09,988.354052707722
632,2023-03-10,991.3195321747183
633,2023-03-13,997.1021819387411
634,2023-03-14,999.5296182143385
635,2023-03-15,1003.1665431879782
636,2023-03-16,1004.5782585173191
637,2023-03-17,1008.5461504647405
638,2023-03-20,1016.0006990079523
639,2023-03-21,1018.4371205201954
640,2023-03-22,1021.7716274458893
641,2023-03-23,1022.5572260715326
642,2023-03-24,1025.5703555698533
643,2023-03-27,1028.252725915325
644,2023-03-28,1028.5209019585152
645,2023-03-29,1029.4449670229005
646,2023-03-31,1027.849767858687
647,2023-04-03,1021.6958894490288
648,2023-04-05,1017.0895372598488
649,2023-04-06,1012.5412482435725
650,2023-04-10,998.0072644403224
651,2023-04-11,993.923622882478
652,2023-04-12,990.9325075949755
653,2023-04-13,985.6879931896439
654,2023-04-17,972.0317337732902
655,2023-04-18,969.0302939927444
656,2023-04-19,967.4233533404704
657,2023-04-20,963.8340711846563
658,2023-04-21,963.1001329096323
659,2023-04-24,958.7651741208574
660,2023-04-25,958.1975554564177
661,2023-04-26,959.0552415893403
662,2023-04-27,957.9209157350688
663,2023-04-28,959.5940164148377
664,2023-05-02,963.1918933141365
665,2023-05-03,965.7670356087532
666,2023-05-04,966.1532670066562
667,2023-05-05,969.1417513388453
668,2023-05-08,974.1102235838198
669,2023-05-09,975.9492882254824
670,2023-05-10,978.8507788862216
671,2023-05-11,979.3999879152271
672,2023-05-12,982.4062495675317
673,2023-05-15,986.7603772642708
674,2023-05-16,988.2429793413157
675,2023-05-17,990.7471213447768
676,2023-05-19,993.4621220773722
677,2023-05-22,996.6828353666137
678,2023-05-23,997.8708307319414
679,2023-05-24,1000.1355597795607
680,2023-05-25,1000.0864909224613
681,2023-05-26,1002.5533631382702
682,2023-05-30,1007.0922183596583
683,2023-05-31,1009.5213962217543
684,2023-06-01,1009.6787550160565
685,2023-06-02,1012.3877611435167
686,2023-06-05,1011.3176094816537
687,2023-06-06,1011.2197815552302
688,2023-06-07,1012.2553653789555
689,2023-06-08,1011.0246510793554
690,2023-06-09,1012.3488258698289
691,2023-06-12,1012.3182247208263
692,2023-06-13,1012.5714438394488
693,2023-06-14,1013.9624857621844
694,2023-06-15,1013.093574182667
695,2023-06-16,1014.7880154021256
696,2023-06-19,1015.939205865194
697,2023-06-20,1016.6152716348521
698,2023-06-21,1018.4450152023576
699,2023-06-22,1018.0305461184781
700,2023-06-23,1020.1943407511561
701,2023-06-26,1022.8241052798498
702,2023-06-27,1024.0070405066085
703,2023-06-28,1026.3446717590477
704,2023-06-30,1029.0965673703133
705,2023-07-07,1041.006337851119
706,2023-07-10,1046.0215740125664
707,2023-07-14,1055.0591959637882
708,2023-07-17,1061.0628875852121
709,2023-07-19,1066.8202203480955
710,2023-07-20,1068.0510535499832
711,2023-07-21,1071.8804089729776
712,2023-07-24,1079.6820095747628
713,2023-07-26,1086.842432475995
714,2023-07-28,1093.4145250135405
715,2023-08-03,1114.683972276582
716,2023-08-04,1119.8327925137012
717,2023-08-07,1130.5394708363633
718,2023-08-08,1134.231720578139
719,2023-08-09,1138.9580085751652
720,2023-08-10,1141.3001934304086
721,2023-08-11,1146.0617187592125
722,2023-08-14,1155.3678057453121
723,2023-08-16,1162.2859116846191
724,2023-08-17,1163.7363320877191
725,2023-08-18,1167.5285221860124
726,2023-08-21,1173.6064931192957
727,2023-08-22,1175.4675210506996
728,2023-08-23,1178.2576365711816
729,2023-08-24,1178.5840399214505
730,2023-08-25,1181.2757606139087
731,2023-08-28,1184.2929951265935
732,2023-08-29,1185.2363969423684
733,2023-08-30,1187.1654151737346
734,2023-08-31,1186.6866385500982
735,2023-09-01,1188.6260353513233
736,2023-09-04,1189.6395602511136
737,2023-09-05,1189.9689524691141
738,2023-09-06,1191.2922532853836
739,2023-09-07,1190.2037042900167
740,2023-09-08,1191.5168105166565
741,2023-09-11,1190.4362489896312
742,2023-09-12,1189.9633384862918
743,2023-09-13,1190.420535750027
744,2023-09-14,1188.3986224439172
745,2023-09-15,1188.7103980116376
746,2023-09-18,1184.2553910104807
747,2023-09-20,1181.7707211441855
748,2023-09-21,1178.489832812507
749,2023-09-22,1177.5500788839925
750,2023-09-25,1169.5893924431236
751,2023-09-26,1166.881204685558
752,2023-09-27,1165.1880862510754
753,2023-09-28,1161.1365646437996
754,2023-09-29,1159.5753248089372
755,2023-10-03,1148.1664943442922
756,2023-10-04,1146.7584553395343
757,2023-10-05,1143.1797890383828
758,2023-10-06,1142.271815946472
759,2023-10-09,1136.3855539400427
760,2023-10-10,1134.9944913999718
761,2023-10-11,1134.8972325816326
762,2023-10-12,1132.6902872113583
763,2023-10-13,1133.1867429147917
764,2023-10-16,1131.421790616314
765,2023-10-17,1131.2810102287503
766,2023-10-18,1132.3300631461111
767,2023-10-19,1131.1440752502522
768,2023-10-20,1132.5182299980863
769,2023-10-23,1132.409527171335
770,2023-10-25,1133.570647362183
771,2023-10-26,1132.269318396674
772,2023-10-27,1133.3836640882341
773,2023-10-30,1131.822141727832
774,2023-10-31,1131.2622712170191
775,2023-11-01,1131.6973754267683
776,2023-11-02,1129.740244568822
777,2023-11-03,1130.2279539426163
778,2023-11-06,1127.2243295752708
779,2023-11-07,1128.2966731133527
780,2023-11-08,1130.5041060140575
781,2023-11-09,1130.470785557395
782,2023-11-10,1133.040405987896
783,2023-11-13,1137.222044503581
784,2023-11-15,1142.1959795755095
785,2023-11-16,1143.162868397987
786,2023-11-17,1146.8022627142802
787,2023-11-20,1154.322472227463
788,2023-11-21,1157.2374357711699
789,2023-11-22,1161.3237191328642
790,2023-11-23,1163.1550939947676
791,2023-11-24,1167.5240257442554
792,2023-11-28,1179.140911029192
793,2023-11-29,1183.0334614319656
794,2023-11-30,1184.4723890558878
795,2023-12-01,1188.2586332041874
796,2023-12-04,1194.2303378579347
797,2023-12-05,1196.000857810015
798,2023-12-06,1198.669176171606
799,2023-12-07,1198.8463469431686
800,2023-12-08,1201.369547996585
801,2023-12-11,1203.9102938538515
802,2023-12-12,1204.7723078817241
803,2023-12-13,1206.7008641122395
804,2023-12-14,1206.3316849200723
805,2023-12-15,1208.5214244116667
806,2023-12-18,1211.4429787615618
807,2023-12-19,1212.8938022018963
808,2023-12-20,1215.625673652775
809,2023-12-21,1216.2543211319799
810,2023-12-22,1219.6101084602424
811,2023-12-26,1229.6192122830064
812,2023-12-27,1233.7922753348864
813,2023-12-28,1235.7828833234728
814,2023-12-29,1240.374871572151
815,2024-01-01,1249.9807176412562
816,2024-01-02,1253.2240819185563
817,2024-01-03,1257.4060694354723
818,2024-01-04,1259.0755180400622
819,2024-01-05,1263.0038330120342
820,2024-01-08,1268.5598548111127
821,2024-01-09,1269.806774451338
822,2024-01-10,1271.7088820114025
823,2024-01-11,1270.8499481530985
824,2024-01-12,1272.042700001905
825,2024-01-15,1268.6375685585579
826,2024-01-16,1266.8259376208562
827,2024-01-17,1265.7278590597075
828,2024-01-19,1260.458848974763
829,2024-01-23,1246.9963859499044
830,2024-01-24,1244.6759784209419
831,2024-01-25,1240.0927931595554
832,2024-01-29,1229.0555744713572
833,2024-01-30,1226.7124264187246
834,2024-01-31,1225.7653409338864
835,2024-02-01,1222.835158100051
836,2024-02-02,1222.755724765533
837,2024-02-05,1220.295648504734
838,2024-02-06,1220.296123913693
839,2024-02-07,1221.6769012519403
840,2024-02-08,1221.0094812390014
841,2024-02-09,1223.0817227783834
842,2024-02-12,1226.0229830781443
843,2024-02-13,1227.3739991109612
844,2024-02-14,1229.8484807855825
845,2024-02-15,1230.0100894737047
846,2024-02-16,1232.6465346176144
847,2024-02-19,1235.8004968394
848,2024-02-20,1236.7988701438717
849,2024-02-21,1238.7579823954686
850,2024-02-22,1238.2774768954937
851,2024-02-23,1240.18390108008
852,2024-02-26,1241.0264494001042
853,2024-02-27,1241.3466248388095
854,2024-02-28,1242.734564521156
855,2024-02-29,1241.8208557694513
856,2024-03-01,1243.457923657954
857,2024-03-04,1244.6432364521409
858,2024-03-05,1245.4834798210566
859,2024-03-06,1247.5878413544208
860,2024-03-07,1247.5724616763816
861,2024-03-11,1255.3002563285042
862,2024-03-12,1257.5235321756568
863,2024-03-13,1260.9923650057412
864,2024-03-14,1262.2789458546924
865,2024-03-15,1266.1706827952958
866,2024-03-18,1273.7344766478445
867,2024-03-19,1276.3281749262455
868,2024-03-20,1279.8810974144092
869,2024-03-21,1280.9445432959908
870,2024-03-22,1284.2918442047246
871,2024-03-26,1289.0355358483553
872,2024-03-27,1290.4858925638875
873,2024-03-28,1289.1961807240787
874,2024-04-01,1285.3850524474026
875,2024-04-02,1283.176969860461
876,2024-04-03,1281.6705823755324
877,2024-04-04,1277.498629285938
878,2024-04-05,1275.5206599970625
879,2024-04-08,1263.871216839823
880,2024-04-09,1259.8477668044243
881,2024-04-10,1256.8481670101642
882,2024-04-12,1248.7618259210822
883,2024-04-15,1236.9615467279518
884,2024-04-16,1233.6069512479878
885,2024-04-18,1227.6007895231219
886,2024-04-19,1226.425457614962
887,2024-04-22,1220.7148211779988
888,2024-04-23,1219.6965591410888
889,2024-04-24,1220.119011063483
890,2024-04-25,1218.5707982756016
891,2024-04-26,1219.856526320023
892,2024-04-29,1221.1565410959452
893,2024-04-30,1222.242768614768
894,2024-05-02,1224.826174871009
895,2024-05-03,1227.6826542267481
896,2024-05-06,1232.4598271093644
897,2024-05-07,1234.2935127393926
898,2024-05-08,1237.2128652372849
899,2024-05-09,1237.7992303547903
900,2024-05-10,1240.8579064726864
901,2024-05-13,1245.4213628249283
902,2024-05-14,1246.9789039126902
903,2024-05-15,1249.5552182617303
904,2024-05-16,1249.7525675974498
905,2024-05-17,1252.3961713606716
906,2024-05-21,1256.9377966505085
907,2024-05-22,1259.206696652707
908,2024-05-23,1259.150314773905
909,2024-05-24,1261.5990281042573
910,2024-05-27,1264.7234060842222
911,2024-05-28,1265.9765967104868
912,2024-05-29,1268.3491603803855
913,2024-05-30,1268.4457826936782
914,2024-05-31,1271.091009892004
915,2024-06-03,1275.0035721486927
916,2024-06-04,1276.5654905221054
917,2024-06-05,1279.260800158688
918,2024-06-06,1279.6898580992374
919,2024-06-07,1282.673759691927
920,2024-06-10,1287.6192984030135
921,2024-06-11,1289.5288972759513
922,2024-06-12,1292.5744143947309
923,2024-06-13,1293.3576576362912
924,2024-06-14,1296.701581261811
925,2024-06-18,1305.0966510740286
926,2024-06-19,1308.561113270944
927,2024-06-20,1309.7790778796248
928,2024-06-21,1313.5735581943393
929,2024-06-24,1321.091734863102
930,2024-06-25,1323.9055041038062
931,2024-06-26,1327.8759736685647
932,2024-06-27,1329.6019442193488
933,2024-06-28,1333.9024265678477
934,2024-07-01,1342.885945584424
935,2024-07-02,1346.1581492162375
936,2024-07-03,1350.567001262503
937,2024-07-04,1352.7093367008683
938,2024-07-05,1357.4031027925985
939,2024-07-08,1367.4327017775433
940,2024-07-09,1371.0159404841759
941,2024-07-10,1375.723068197768
942,2024-07-11,1378.1559560800408
943,2024-07-12,1383.138326817323
944,2024-07-15,1394.0867650856087
945,2024-07-16,1398.0162151315326
946,2024-07-18,1405.9457119562603
947,2024-07-19,1411.3812898803317
948,2024-07-22,1423.957901840661
949,2024-07-23,1428.5204845916219
950,2024-07-24,1434.2788582410187
951,2024-07-25,1437.8353416016666
952,2024-07-26,1444.0113646127766
953,2024-07-29,1458.8945533222836
954,2024-07-30,1464.216777203045
955,2024-07-31,1470.7087916752125
956,2024-08-01,1474.9591694781764
957,2024-08-02,1481.775467101494
958,2024-08-05,1498.1248463358463
959,2024-08-06,1503.744448000837
960,2024-08-07,1510.4217088203682
961,2024-08-08,1514.7380315404616
962,2024-08-09,1521.4959457431887
963,2024-08-12,1536.9092137150838
964,2024-08-13,1541.9703170093744
965,2024-08-14,1547.975430252696
966,2024-08-16,1557.402660594498
967,2024-08-19,1569.7759531837326
968,2024-08-20,1573.7296526497018
969,2024-08-21,1578.6057931833348
970,2024-08-22,1581.0098304333303
971,2024-08-23,1585.7694640974846
972,2024-08-26,1594.925684727652
973,2024-08-28,1601.8386396005817
974,2024-08-29,1603.3674070539603
975,2024-08-30,1607.308074498541
976,2024-08-31,1602.9464794649568
977,2024-09-01,1617.1078810551753
978,2024-09-02,1614.3090688809434
979,2024-09-03,1616.636651676474
980,2024-09-04,1619.9632797221666
981,2024-09-05,1620.8853990809587
982,2024-09-06,1624.2184801153362
983,2024-09-07,1619.2358804403805
984,2024-09-08,1632.7506304286692
985,2024-09-09,1629.2680325840338
986,2024-09-10,1630.864427175768
987,2024-09-11,1633.4038628961134
988,2024-09-12,1633.4762557737488
989,2024-09-13,1635.89296511195
990,2024-09-14,1629.9259344145898
991,2024-09-15,1642.3896751277573
992,2024-09-16,1637.793976480213
993,2024-09-17,1638.2226883148192
994,2024-09-18,1639.5503129230212
995,2024-09-19,1638.3799892424229
996,2024-09-20,1639.5388012373892
997,2024-09-21,1632.3165643615787
998,2024-09-22,1643.5473766172174
999,2024-09-23,1637.7618287221378
1000,2024-09-24,1637.0652337481356
1001,2024-09-25,1637.353627592617
1002,2024-09-26,1635.251140443504
1003,2024-09-27,1635.6046888285343
1004,2024-09-28,1627.7221603749424
1005,2024-09-29,1638.4533959427972
1006,2024-09-30,1632.341881167338
1007,2024-10-01,1631.5025241456065
1008,2024-10-02,1631.8372853404517
1009,2024-10-03,1629.972272450401
1010,2024-10-04,1630.7522598934606
1011,2024-10-05,1623.4788122186314
1012,2024-10-06,1634.9913201684392
1013,2024-10-07,1629.8188621897918
1014,2024-10-08,1630.0582655186715
1015,2024-10-09,1631.590126953256
1016,2024-10-10,1631.0163968790785
1017,2024-10-11,1633.1554740047166
1018,2024-10-12,1627.2809752358328
1019,2024-10-13,1640.203472225302
1020,2024-10-14,1636.42308837815
1021,2024-10-15,1638.0083101135003
1022,2024-10-16,1640.8127514423486
1023,2024-10-17,1641.413454240641
1024,2024-10-18,1644.6066509754692
1025,2024-10-19,1639.6471347052259
1026,2024-10-20,1653.3305099608622
1027,2024-10-21,1650.1462025765738
1028,2024-10-22,1652.1565692662573
1029,2024-10-23,1655.2138361168654
1030,2024-10-24,1655.8984419342003
1031,2024-10-25,1659.0147104311113
1032,2024-10-26,1653.8299971137412
1033,2024-10-27,1667.1565893278132
1034,2024-10-28,1663.5042461173025
1035,2024-10-29,1664.9587308013367
1036,2024-10-30,1667.398080770294
1037,2024-10-31,1667.4302085831114
1038,2024-11-01,1669.8877788290363
1039,2024-11-02,1664.0665288456507
1040,2024-11-03,1676.8063351362784
1041,2024-11-04,1672.6429360016282
1042,2024-11-05,1673.6856869548787
1043,2024-11-06,1675.8331161999718
1044,2024-11-07,1675.7098954842224
1045,2024-11-08,1678.1611898352212
1046,2024-11-09,1672.4905705690323
1047,2024-11-10,1685.5408064513595
1048,2024-11-11,1681.845452897882
1049,2024-11-12,1683.5066211757137
1050,2024-11-13,1686.4106960990332
1051,2024-11-14,1687.1656144792537
1052,2024-11-15,1690.5956605685499
1053,2024-11-16,1685.9799515482423
1054,2024-11-17,1700.1339128257307
1055,2024-11-18,1697.5616445166618
1056,2024-11-19,1700.334539664981
1057,2024-11-20,1704.307898965333
1058,2024-11-21,1706.0591288559065
1059,2024-11-22,1710.3834528708385
1060,2024-11-23,1706.5332827408554
1061,2024-11-24,1721.300522988887
1062,2024-11-25,1719.1696856730002
1063,2024-11-26,1722.1971531227784
1064,2024-11-27,1726.2283134128681
1065,2024-11-28,1727.836138711879
1066,2024-11-29,1731.8171234684069
1067,2024-11-30,1727.4307202139703
1068,2024-12-01,1741.4815425307067
1069,2024-12-02,1738.4722123243944
1070,2024-12-03,1740.4821944599626
1071,2024-12-04,1743.384353347639
1072,2024-12-05,1743.7828158673094
1073,2024-12-06,1746.5080758996828
1074,2024-12-07,1740.8555001317156
1075,2024-12-08,1753.6665295839416
1076,2024-12-09,1749.4804812388134
1077,2024-12-10,1750.4123216687974
1078,2024-12-11,1752.368176903904
1079,2024-12-12,1751.982192565376
1080,2024-12-13,1754.1107083294526
1081,2024-12-14,1748.069933527938
1082,2024-12-15,1760.716443036909
1083,2024-12-16,1756.5984193880336
1084,2024-12-17,1757.8330307723527
1085,2024-12-18,1760.321722629487
1086,2024-12-19,1760.6870455634607
1087,2024-12-20,1763.7669873359473
1088,2024-12-21,1758.8529942473772
1089,2024-12-22,1772.770994366141
1090,2024-12-23,1770.0333367892526
1091,2024-12-24,1772.717020064168
1092,2024-12-25,1776.679966546277
1093,2024-12-26,1778.4989406697182
1094,2024-12-27,1782.9650509155176
1095,2024-12-28,1779.3229903552692
1096,2024-12-29,1794.3532961451958
1097,2024-12-30,1792.5255092729824
1098,2024-12-31,1795.8775749049657
1099,2025-01-01,1800.2332083163385
1100,2025-01-02,1802.1407944534822
1101,2025-01-03,1806.369733673867
1102,2025-01-04,1802.1503647541479
1103,2025-01-05,1816.2567258712668
1104,2025-01-06,1813.1600198696287
1105,2025-01-07,1814.9081142885207
1106,2025-01-08,1817.3427966740135
1107,2025-01-09,1817.038354333607
1108,2025-01-10,1818.7973977607207
1109,2025-01-11,1811.8900709200798
1110,2025-01-12,1823.135926323618
1111,2025-01-13,1817.056353120898
1112,2025-01-14,1815.7529147060295
1113,2025-01-15,1815.1233458304273
1114,2025-01-16,1811.7988105058355
1115,2025-01-17,1810.6383738569639
1116,2025-01-18,1800.9668659536144
1117,2025-01-19,1809.6554503636887
1118,2025-01-20,1801.2728195048483
1119,2025-01-21,1797.9624052830743
1120,2025-01-22,1795.6573842666382
1121,2025-01-23,1791.017104423331
1122,2025-01-24,1788.9209081132094
1123,2025-01-25,1778.7055461095028
1124,2025-01-26,1787.2455068858806
1125,2025-01-27,1779.1041891903706
1126,2025-01-28,1776.411306619002
1127,2025-01-29,1775.0782979388816
1128,2025-01-30,1771.7353591126055
1129,2025-01-31,1771.2260553649642
1130,2025-02-01,1762.8456868729454
1131,2025-02-02,1773.4227068651028
1132,2025-02-03,1767.47109111693
1133,2025-02-04,1767.0690157293343
1134,2025-02-05,1768.0755831746708
1135,2025-02-06,1767.0691777716954
1136,2025-02-07,1768.8433740446662
1137,2025-02-08,1762.646537510761
1138,2025-02-09,1775.2643843991557
1139,2025-02-10,1771.1733696287874
1140,2025-02-11,1772.4202336821309
1141,2025-02-12,1774.8394262186039
1142,2025-02-13,1774.9919701376143
1143,2025-02-14,1777.6616772437085
1144,2025-02-15,1772.0948482130982
1145,2025-02-16,1785.0827221476668
1146,2025-02-17,1781.1145494644368
1147,2025-02-18,1782.256628676273
1148,2025-02-19,1784.3690400359317
1149,2025-02-20,1784.0436596617817
1150,2025-02-21,1786.099389428149
1151,2025-02-22,1779.8207630043964
1152,2025-02-23,1792.0392238034256
1153,2025-02-24,1787.2849810140633
1154,2025-02-25,1787.6648177707277
1155,2025-02-26,1789.0776180847756
1156,2025-02-27,1788.151229056681
1157,2025-02-28,1789.7366249107677
1158,2025-03-01,1783.1455620196118
1159,2025-03-02,1795.231046214755
1160,2025-03-03,1790.5385401771682
1161,2025-03-04,1791.1833020932559
1162,2025-03-05,1793.0656344097924
1163,2025-03-06,1792.807666183566
1164,2025-03-07,1795.2476371560988
1165,2025-03-08,1789.6778688998013
1166,2025-03-09,1802.925735240931
1167,2025-03-10,1799.5055456606835
1168,2025-03-11,1801.4967141769268
1169,2025-03-12,1804.75996979456
1170,2025-03-13,1805.8752058499967
1171,2025-03-14,1809.6369075068708
1172,2025-03-15,1805.293311969026
1173,2025-03-16,1819.6285817640357
1174,2025-03-17,1817.1158727387142
1175,2025-03-18,1819.7966378609972
1176,2025-03-19,1823.4978929962624
1177,2025-03-20,1824.7710143416994
1178,2025-03-21,1828.3879821344424
1179,2025-03-22,1823.5812041926627
1180,2025-03-23,1837.1261828030702
1181,2025-03-24,1833.4948943371546
1182,2025-03-25,1834.7352153004128
1183,2025-03-26,1836.688118614043
1184,2025-03-27,1835.9262124846427
1185,2025-03-28,1837.2495440686182
1186,2025-03-29,1829.924813753341
1187,2025-03-30,1840.767280128974
1188,2025-03-31,1834.2932454075112
1189,2025-04-01,1832.5984786004333
1190,2025-04-02,1831.5743264333005
1191,2025-04-03,1827.8451123802415
1192,2025-04-04,1826.2627751390357
1193,2025-04-05,1816.144921786448
1194,2025-04-06,1824.355604628183
1195,2025-04-07,1815.4567392077715
1196,2025-04-08,1811.585546545613
1197,2025-04-09,1808.6697927505154
1198,2025-04-10,1803.3644463807407
1199,2025-04-11,1800.5457212258134
1200,2025-04-12,1789.5486920809503
1201,2025-04-13,1797.2478005873463
1202,2025-04-14,1788.2081722493356
1203,2025-04-15,1784.5631269183073
1204,2025-04-16,1782.2296507789
1205,2025-04-17,1777.8454410013842
1206,2025-04-18,1776.2634777371975
1207,2025-04-19,1766.7902946748525
1208,2025-04-20,1776.26724602089
1209,2025-04-21,1769.2226695242107
1210,2025-04-22,1767.7503046806985
1211,2025-04-23,1767.725709994128
1212,2025-04-24,1765.7442659604687
1213,2025-04-25,1766.6166942784357
1214,2025-04-26,1759.6082412951432
1215,2025-04-27,1771.520801901934
1216,2025-04-28,1766.8458639529745
1217,2025-04-29,1767.6436153686307
